customer_id,customer_segment,total_transactions,successful_transactions,failed_transactions,average_transaction_value,lifetime_value,preferred_payment_method,previous_recovery_successes,previous_recovery_failures
C0001,NORMAL,5,4,1,7544.73,30178.92,CARD,0,1
C0002,RELIABLE,28,25,3,1473.7,36842.5,UPI,2,1
C0003,NORMAL,6,4,2,783.07,3132.28,CARD,1,1
C0004,RELIABLE,24,22,2,752.09,16545.98,CARD,1,1
C0005,NORMAL,27,21,6,5676.94,119215.74,CARD,3,3
C0006,NORMAL,13,10,3,8189.59,81895.9,UPI,1,2
C0007,NORMAL,10,8,2,7132.32,57058.56,NETBANKING,1,1
C0008,RELIABLE,11,10,1,9593.52,95935.2,NETBANKING,0,1
C0009,RELIABLE,17,15,2,1418.81,21282.15,NETBANKING,1,1
C0010,NORMAL,30,24,6,912.78,21906.72,WALLET,3,3
C0011,NORMAL,17,13,4,1248.6,16231.8,NETBANKING,2,2
C0012,RISKY,24,14,10,8911.79,124765.06,NETBANKING,3,7
C0013,NORMAL,27,21,6,1160.77,24376.17,CARD,3,3
C0014,NORMAL,7,5,2,8625.52,43127.6,UPI,1,1
C0015,NORMAL,19,15,4,6539.0,98085.0,NETBANKING,2,2
C0016,RELIABLE,16,14,2,2490.32,34864.48,NETBANKING,1,1
C0017,NORMAL,26,20,6,6656.34,133126.8,CARD,3,3
C0018,NORMAL,12,9,3,2052.32,18470.88,WALLET,1,2
C0019,RELIABLE,25,23,2,7037.54,161863.42,CARD,1,1
C0020,NORMAL,29,23,6,7872.0,181056.0,CARD,3,3
C0021,RISKY,30,18,12,3496.8,62942.4,NETBANKING,4,8
C0022,RELIABLE,23,21,2,8825.49,185335.29,NETBANKING,1,1
C0023,RELIABLE,20,18,2,4258.5,76653.0,WALLET,1,1
C0024,RELIABLE,9,8,1,2842.96,22743.68,NETBANKING,0,1
C0025,NORMAL,18,14,4,9029.32,126410.48,WALLET,2,2
C0026,NORMAL,9,7,2,5340.5,37383.5,UPI,1,1
C0027,NORMAL,8,6,2,1951.99,11711.94,CARD,1,1
C0028,NORMAL,18,14,4,6165.89,86322.46,WALLET,2,2
C0029,NORMAL,19,15,4,5526.59,82898.85,UPI,2,2
C0030,NORMAL,8,6,2,6976.25,41857.5,NETBANKING,1,1
C0031,NORMAL,15,12,3,1559.75,18717.0,WALLET,1,2
C0032,RELIABLE,5,4,1,9561.25,38245.0,NETBANKING,0,1
C0033,RISKY,29,17,12,2197.19,37352.23,UPI,4,8
C0034,RISKY,14,8,6,8495.86,67966.88,CARD,2,4
C0035,RELIABLE,29,26,3,2034.72,52902.72,UPI,2,1
C0036,NORMAL,20,16,4,685.03,10960.48,NETBANKING,2,2
C0037,RISKY,30,18,12,3421.38,61584.84,UPI,4,8
C0038,RELIABLE,23,21,2,9496.02,199416.42,UPI,1,1
C0039,NORMAL,7,5,2,9790.85,48954.25,CARD,1,1
C0040,RELIABLE,20,18,2,9495.06,170911.08,CARD,1,1
C0041,RELIABLE,24,22,2,4519.81,99435.82,CARD,1,1
C0042,RISKY,29,17,12,7434.35,126383.95,CARD,4,8
C0043,NORMAL,17,13,4,9953.92,129400.96,NETBANKING,2,2
C0044,NORMAL,21,16,5,4789.12,76625.92,CARD,3,2
C0045,RELIABLE,15,13,2,699.83,9097.79,CARD,1,1
C0046,NORMAL,5,4,1,1174.43,4697.72,UPI,0,1
C0047,RELIABLE,6,5,1,8666.54,43332.7,UPI,0,1
C0048,NORMAL,13,10,3,6855.29,68552.9,CARD,1,2
C0049,NORMAL,28,22,6,9387.39,206522.58,WALLET,3,3
C0050,RELIABLE,20,18,2,8171.22,147081.96,CARD,1,1
C0051,RELIABLE,26,23,3,4594.99,105684.77,WALLET,2,1
C0052,NORMAL,28,22,6,1014.63,22321.86,UPI,3,3
C0053,RELIABLE,28,25,3,3723.37,93084.25,UPI,2,1
C0054,RELIABLE,11,10,1,5594.71,55947.1,CARD,0,1
C0055,NORMAL,13,10,3,4894.97,48949.7,UPI,1,2
C0056,NORMAL,22,17,5,1430.13,24312.21,UPI,3,2
C0057,RISKY,29,17,12,8562.61,145564.37,CARD,4,8
C0058,NORMAL,20,16,4,2530.6,40489.6,WALLET,2,2
C0059,RISKY,10,6,4,4100.24,24601.44,WALLET,1,3
C0060,RELIABLE,30,27,3,7958.73,214885.71,NETBANKING,2,1
C0061,NORMAL,28,22,6,9956.52,219043.44,WALLET,3,3
C0062,RELIABLE,14,12,2,2568.16,30817.92,UPI,1,1
C0063,NORMAL,22,17,5,1079.1,18344.7,NETBANKING,3,2
C0064,RELIABLE,23,21,2,5029.49,105619.29,CARD,1,1
C0065,RELIABLE,21,19,2,1261.06,23960.14,CARD,1,1
C0066,RELIABLE,7,6,1,6914.52,41487.12,CARD,0,1
C0067,NORMAL,23,18,5,2839.05,51102.9,UPI,3,2
C0068,NORMAL,18,14,4,6745.05,94430.7,NETBANKING,2,2
C0069,RISKY,11,6,5,6862.4,41174.4,NETBANKING,1,4
C0070,RELIABLE,17,15,2,1743.34,26150.1,NETBANKING,1,1
C0071,NORMAL,29,23,6,9389.48,215958.04,UPI,3,3
C0072,NORMAL,23,18,5,9962.92,179332.56,UPI,3,2
C0073,NORMAL,21,16,5,3019.4,48310.4,NETBANKING,3,2
C0074,RISKY,12,7,5,4010.51,28073.57,CARD,1,4
C0075,NORMAL,22,17,5,7183.63,122121.71,UPI,3,2
C0076,NORMAL,22,17,5,3344.1,56849.7,UPI,3,2
C0077,RISKY,9,5,4,3012.43,15062.15,UPI,1,3
C0078,NORMAL,9,7,2,3087.31,21611.17,CARD,1,1
C0079,NORMAL,11,8,3,7031.22,56249.76,NETBANKING,1,2
C0080,NORMAL,13,10,3,9100.7,91007.0,UPI,1,2
C0081,RELIABLE,18,16,2,8378.81,134060.96,UPI,1,1
C0082,RELIABLE,29,26,3,1742.79,45312.54,NETBANKING,2,1
C0083,RELIABLE,19,17,2,5740.96,97596.32,WALLET,1,1
C0084,NORMAL,8,6,2,1214.82,7288.92,CARD,1,1
C0085,NORMAL,16,12,4,6033.84,72406.08,CARD,2,2
C0086,NORMAL,6,4,2,3428.45,13713.8,UPI,1,1
C0087,RISKY,11,6,5,6979.63,41877.78,UPI,1,4
C0088,NORMAL,22,17,5,8899.28,151287.76,WALLET,3,2
C0089,RISKY,28,16,12,1968.26,31492.16,CARD,4,8
C0090,RISKY,30,18,12,8202.33,147641.94,WALLET,4,8
C0091,RELIABLE,28,25,3,9282.63,232065.75,WALLET,2,1
C0092,RISKY,28,16,12,8202.12,131233.92,NETBANKING,4,8
C0093,RELIABLE,27,24,3,1526.91,36645.84,UPI,2,1
C0094,RISKY,12,7,5,2395.94,16771.58,WALLET,1,4
C0095,NORMAL,30,24,6,8777.57,210661.68,CARD,3,3
C0096,RELIABLE,11,10,1,4285.43,42854.3,NETBANKING,0,1
C0097,RISKY,29,17,12,3151.69,53578.73,WALLET,4,8
C0098,NORMAL,22,17,5,3645.92,61980.64,UPI,3,2
C0099,RELIABLE,13,11,2,2196.39,24160.29,NETBANKING,1,1
C0100,RELIABLE,24,22,2,4628.36,101823.92,NETBANKING,1,1
C0101,NORMAL,21,16,5,1598.63,25578.08,CARD,3,2
C0102,RELIABLE,27,24,3,4642.55,111421.2,CARD,2,1
C0103,NORMAL,7,5,2,9514.31,47571.55,NETBANKING,1,1
C0104,NORMAL,26,20,6,8556.15,171123.0,NETBANKING,3,3
C0105,NORMAL,26,20,6,4379.73,87594.6,WALLET,3,3
C0106,NORMAL,22,17,5,1709.23,29056.91,WALLET,3,2
C0107,NORMAL,17,13,4,6934.52,90148.76,CARD,2,2
C0108,NORMAL,14,11,3,4357.71,47934.81,UPI,1,2
C0109,NORMAL,11,8,3,4583.94,36671.52,NETBANKING,1,2
C0110,NORMAL,19,15,4,6918.46,103776.9,WALLET,2,2
C0111,NORMAL,30,24,6,7491.63,179799.12,UPI,3,3
C0112,RELIABLE,26,23,3,6512.94,149797.62,NETBANKING,2,1
C0113,RELIABLE,29,26,3,2731.25,71012.5,NETBANKING,2,1
C0114,RELIABLE,11,10,1,1899.86,18998.6,UPI,0,1
C0115,RELIABLE,20,18,2,6307.1,113527.8,UPI,1,1
C0116,NORMAL,25,20,5,5968.87,119377.4,WALLET,3,2
C0117,NORMAL,12,9,3,1901.93,17117.37,UPI,1,2
C0118,RISKY,29,17,12,8911.92,151502.64,WALLET,4,8
C0119,RELIABLE,30,27,3,9600.68,259218.36,WALLET,2,1
C0120,RELIABLE,12,11,1,9215.97,101375.67,UPI,0,1
C0121,NORMAL,30,24,6,4914.11,117938.64,NETBANKING,3,3
C0122,RISKY,19,11,8,6320.2,69522.2,WALLET,2,6
C0123,RISKY,22,13,9,4736.18,61570.34,CARD,3,6
C0124,NORMAL,20,16,4,4775.66,76410.56,CARD,2,2
C0125,RISKY,13,7,6,7775.23,54426.61,WALLET,2,4
C0126,NORMAL,13,10,3,4678.79,46787.9,NETBANKING,1,2
C0127,RELIABLE,15,13,2,3537.24,45984.12,UPI,1,1
C0128,RELIABLE,12,11,1,4138.84,45527.24,CARD,0,1
C0129,NORMAL,7,5,2,4441.25,22206.25,NETBANKING,1,1
C0130,NORMAL,18,14,4,1091.52,15281.28,WALLET,2,2
C0131,NORMAL,29,23,6,6048.75,139121.25,UPI,3,3
C0132,RISKY,29,17,12,5969.06,101474.02,WALLET,4,8
C0133,RELIABLE,16,14,2,3336.82,46715.48,WALLET,1,1
C0134,RISKY,18,10,8,5613.1,56131.0,CARD,2,6
C0135,NORMAL,13,10,3,4640.44,46404.4,UPI,1,2
C0136,NORMAL,26,20,6,6951.85,139037.0,WALLET,3,3
C0137,NORMAL,19,15,4,9235.65,138534.75,UPI,2,2
C0138,RISKY,23,13,10,5861.72,76202.36,UPI,3,7
C0139,RELIABLE,18,16,2,1789.15,28626.4,WALLET,1,1
C0140,RELIABLE,13,11,2,4101.49,45116.39,CARD,1,1
C0141,NORMAL,15,12,3,7731.68,92780.16,WALLET,1,2
C0142,RELIABLE,18,16,2,2896.58,46345.28,UPI,1,1
C0143,NORMAL,28,22,6,5624.48,123738.56,NETBANKING,3,3
C0144,RELIABLE,7,6,1,7921.71,47530.26,UPI,0,1
C0145,NORMAL,12,9,3,2393.93,21545.37,UPI,1,2
C0146,NORMAL,12,9,3,1699.1,15291.9,UPI,1,2
C0147,NORMAL,11,8,3,4917.82,39342.56,NETBANKING,1,2
C0148,NORMAL,10,8,2,6255.98,50047.84,UPI,1,1
C0149,NORMAL,10,8,2,9664.85,77318.8,UPI,1,1
C0150,NORMAL,14,11,3,5970.07,65670.77,WALLET,1,2
C0151,NORMAL,27,21,6,2384.13,50066.73,CARD,3,3
C0152,RELIABLE,29,26,3,3365.04,87491.04,UPI,2,1
C0153,NORMAL,23,18,5,7935.04,142830.72,NETBANKING,3,2
C0154,NORMAL,26,20,6,4020.42,80408.4,NETBANKING,3,3
C0155,RELIABLE,18,16,2,8312.14,132994.24,UPI,1,1
C0156,NORMAL,16,12,4,6538.06,78456.72,WALLET,2,2
C0157,NORMAL,18,14,4,2173.3,30426.2,NETBANKING,2,2
C0158,NORMAL,22,17,5,7859.09,133604.53,WALLET,3,2
C0159,NORMAL,28,22,6,6128.51,134827.22,NETBANKING,3,3
C0160,RISKY,7,4,3,3149.82,12599.28,WALLET,1,2
C0161,RELIABLE,19,17,2,5913.57,100530.69,WALLET,1,1
C0162,NORMAL,20,16,4,8584.05,137344.8,CARD,2,2
C0163,NORMAL,16,12,4,8079.41,96952.92,NETBANKING,2,2
C0164,RELIABLE,24,22,2,7161.25,157547.5,NETBANKING,1,1
C0165,NORMAL,21,16,5,9506.59,152105.44,UPI,3,2
C0166,RELIABLE,18,16,2,5141.49,82263.84,CARD,1,1
C0167,NORMAL,25,20,5,7262.5,145250.0,WALLET,3,2
C0168,NORMAL,7,5,2,3295.24,16476.2,WALLET,1,1
C0169,NORMAL,14,11,3,6807.62,74883.82,NETBANKING,1,2
C0170,NORMAL,21,16,5,3765.7,60251.2,NETBANKING,3,2
C0171,NORMAL,19,15,4,3073.71,46105.65,NETBANKING,2,2
C0172,RELIABLE,28,25,3,2329.55,58238.75,UPI,2,1
C0173,NORMAL,29,23,6,7056.55,162300.65,CARD,3,3
C0174,RELIABLE,20,18,2,3126.75,56281.5,NETBANKING,1,1
C0175,RISKY,11,6,5,3314.34,19886.04,NETBANKING,1,4
C0176,RELIABLE,5,4,1,7226.18,28904.72,CARD,0,1
C0177,RELIABLE,6,5,1,5756.91,28784.55,CARD,0,1
C0178,NORMAL,29,23,6,5163.35,118757.05,UPI,3,3
C0179,NORMAL,20,16,4,5047.78,80764.48,NETBANKING,2,2
C0180,RELIABLE,6,5,1,2898.54,14492.7,WALLET,0,1
C0181,RELIABLE,7,6,1,4306.72,25840.32,UPI,0,1
C0182,NORMAL,26,20,6,1009.29,20185.8,CARD,3,3
C0183,RISKY,14,8,6,1309.22,10473.76,CARD,2,4
C0184,RELIABLE,29,26,3,4453.65,115794.9,CARD,2,1
C0185,NORMAL,17,13,4,4779.89,62138.57,WALLET,2,2
C0186,RELIABLE,23,21,2,9905.3,208011.3,NETBANKING,1,1
C0187,NORMAL,6,4,2,6291.49,25165.96,UPI,1,1
C0188,RISKY,11,6,5,6442.39,38654.34,NETBANKING,1,4
C0189,NORMAL,10,8,2,2778.72,22229.76,UPI,1,1
C0190,RELIABLE,18,16,2,4779.79,76476.64,WALLET,1,1
C0191,RELIABLE,12,11,1,3237.0,35607.0,NETBANKING,0,1
C0192,NORMAL,19,15,4,1176.21,17643.15,CARD,2,2
C0193,RISKY,30,18,12,8016.85,144303.3,CARD,4,8
C0194,NORMAL,22,17,5,2635.69,44806.73,CARD,3,2
C0195,RISKY,9,5,4,1178.39,5891.95,CARD,1,3
C0196,NORMAL,24,19,5,7615.1,144686.9,NETBANKING,3,2
C0197,NORMAL,19,15,4,7042.44,105636.6,WALLET,2,2
C0198,RISKY,21,12,9,5629.82,67557.84,WALLET,3,6
C0199,RELIABLE,6,5,1,8949.52,44747.6,NETBANKING,0,1
C0200,NORMAL,5,4,1,1367.61,5470.44,UPI,0,1
C0201,RISKY,26,15,11,8303.5,124552.5,UPI,3,8
C0202,NORMAL,10,8,2,4969.76,39758.08,WALLET,1,1
C0203,RISKY,10,6,4,9970.98,59825.88,WALLET,1,3
C0204,NORMAL,20,16,4,9706.02,155296.32,WALLET,2,2
C0205,NORMAL,15,12,3,3550.05,42600.6,UPI,1,2
C0206,RISKY,15,9,6,4410.63,39695.67,WALLET,2,4
C0207,RELIABLE,17,15,2,8228.88,123433.2,UPI,1,1
C0208,NORMAL,15,12,3,2897.79,34773.48,UPI,1,2
C0209,RISKY,17,10,7,8716.65,87166.5,UPI,2,5
C0210,NORMAL,22,17,5,4888.78,83109.26,UPI,3,2
C0211,RELIABLE,16,14,2,6415.02,89810.28,WALLET,1,1
C0212,NORMAL,29,23,6,990.31,22777.13,NETBANKING,3,3
C0213,NORMAL,14,11,3,4662.1,51283.1,WALLET,1,2
C0214,RELIABLE,25,23,2,6284.28,144538.44,CARD,1,1
C0215,NORMAL,14,11,3,5732.97,63062.67,WALLET,1,2
C0216,RELIABLE,8,7,1,4883.75,34186.25,UPI,0,1
C0217,NORMAL,9,7,2,5234.57,36641.99,NETBANKING,1,1
C0218,NORMAL,13,10,3,4447.16,44471.6,WALLET,1,2
C0219,RISKY,12,7,5,4839.47,33876.29,CARD,1,4
C0220,NORMAL,24,19,5,5328.29,101237.51,CARD,3,2
C0221,RISKY,13,7,6,7840.41,54882.87,WALLET,2,4
C0222,NORMAL,30,24,6,5323.51,127764.24,UPI,3,3
C0223,RELIABLE,14,12,2,8456.02,101472.24,WALLET,1,1
C0224,RISKY,19,11,8,5616.52,61781.72,NETBANKING,2,6
C0225,NORMAL,29,23,6,5662.59,130239.57,WALLET,3,3
C0226,RISKY,11,6,5,9817.36,58904.16,CARD,1,4
C0227,NORMAL,12,9,3,8632.12,77689.08,WALLET,1,2
C0228,RELIABLE,28,25,3,4993.27,124831.75,WALLET,2,1
C0229,NORMAL,26,20,6,8027.74,160554.8,CARD,3,3
C0230,NORMAL,6,4,2,1699.34,6797.36,NETBANKING,1,1
C0231,RISKY,19,11,8,1447.26,15919.86,WALLET,2,6
C0232,RELIABLE,9,8,1,4394.8,35158.4,CARD,0,1
C0233,RELIABLE,30,27,3,9707.43,262100.61,NETBANKING,2,1
C0234,NORMAL,17,13,4,6673.45,86754.85,NETBANKING,2,2
C0235,RISKY,22,13,9,4110.09,53431.17,NETBANKING,3,6
C0236,NORMAL,29,23,6,5135.5,118116.5,UPI,3,3
C0237,NORMAL,12,9,3,6496.03,58464.27,NETBANKING,1,2
C0238,RISKY,28,16,12,1358.6,21737.6,UPI,4,8
C0239,NORMAL,27,21,6,8789.5,184579.5,WALLET,3,3
C0240,RELIABLE,14,12,2,9082.53,108990.36,UPI,1,1
C0241,NORMAL,6,4,2,3286.99,13147.96,NETBANKING,1,1
C0242,NORMAL,12,9,3,5546.08,49914.72,CARD,1,2
C0243,RELIABLE,7,6,1,6290.17,37741.02,WALLET,0,1
C0244,NORMAL,12,9,3,5227.84,47050.56,CARD,1,2
C0245,RELIABLE,25,23,2,2912.78,66993.94,NETBANKING,1,1
C0246,NORMAL,30,24,6,4919.91,118077.84,NETBANKING,3,3
C0247,NORMAL,10,8,2,1201.69,9613.52,NETBANKING,1,1
C0248,RISKY,14,8,6,6569.92,52559.36,WALLET,2,4
C0249,NORMAL,19,15,4,8530.39,127955.85,CARD,2,2
C0250,RISKY,20,12,8,1513.21,18158.52,WALLET,2,6
C0251,NORMAL,23,18,5,3310.79,59594.22,NETBANKING,3,2
C0252,RELIABLE,26,23,3,4260.15,97983.45,UPI,2,1
C0253,NORMAL,26,20,6,7893.96,157879.2,UPI,3,3
C0254,RISKY,28,16,12,5218.91,83502.56,NETBANKING,4,8
C0255,NORMAL,12,9,3,6267.12,56404.08,NETBANKING,1,2
C0256,RELIABLE,11,10,1,6398.47,63984.7,CARD,0,1
C0257,NORMAL,25,20,5,6640.24,132804.8,NETBANKING,3,2
C0258,NORMAL,6,4,2,6005.95,24023.8,CARD,1,1
C0259,RELIABLE,14,12,2,3603.83,43245.96,WALLET,1,1
C0260,RELIABLE,9,8,1,7971.87,63774.96,NETBANKING,0,1
C0261,NORMAL,13,10,3,8389.49,83894.9,NETBANKING,1,2
C0262,RISKY,20,12,8,9690.15,116281.8,NETBANKING,2,6
C0263,NORMAL,15,12,3,8140.21,97682.52,WALLET,1,2
C0264,RISKY,9,5,4,7664.44,38322.2,CARD,1,3
C0265,RISKY,28,16,12,6906.86,110509.76,WALLET,4,8
C0266,RISKY,30,18,12,5794.47,104300.46,UPI,4,8
C0267,NORMAL,5,4,1,3012.36,12049.44,UPI,0,1
C0268,NORMAL,26,20,6,7615.61,152312.2,NETBANKING,3,3
C0269,NORMAL,25,20,5,9432.77,188655.4,UPI,3,2
C0270,NORMAL,20,16,4,737.73,11803.68,NETBANKING,2,2
C0271,RISKY,12,7,5,6652.7,46568.9,WALLET,1,4
C0272,RISKY,14,8,6,6667.77,53342.16,UPI,2,4
C0273,RELIABLE,6,5,1,3391.46,16957.3,WALLET,0,1
C0274,RELIABLE,12,11,1,8928.96,98218.56,CARD,0,1
C0275,NORMAL,16,12,4,6869.62,82435.44,WALLET,2,2
C0276,NORMAL,28,22,6,1967.97,43295.34,WALLET,3,3
C0277,NORMAL,20,16,4,6348.7,101579.2,NETBANKING,2,2
C0278,RELIABLE,16,14,2,2564.06,35896.84,WALLET,1,1
C0279,RISKY,16,9,7,1443.87,12994.83,NETBANKING,2,5
C0280,NORMAL,25,20,5,3907.4,78148.0,WALLET,3,2
C0281,RELIABLE,8,7,1,9515.6,66609.2,WALLET,0,1
C0282,RELIABLE,11,10,1,6596.19,65961.9,UPI,0,1
C0283,RELIABLE,15,13,2,2813.9,36580.7,CARD,1,1
C0284,NORMAL,11,8,3,1151.8,9214.4,CARD,1,2
C0285,NORMAL,12,9,3,3621.32,32591.88,CARD,1,2
C0286,NORMAL,24,19,5,526.94,10011.86,CARD,3,2
C0287,RISKY,22,13,9,2881.21,37455.73,CARD,3,6
C0288,RELIABLE,5,4,1,1752.13,7008.52,NETBANKING,0,1
C0289,NORMAL,12,9,3,6094.1,54846.9,UPI,1,2
C0290,RELIABLE,6,5,1,1704.21,8521.05,WALLET,0,1
C0291,NORMAL,28,22,6,1103.8,24283.6,WALLET,3,3
C0292,NORMAL,21,16,5,6139.83,98237.28,WALLET,3,2
C0293,NORMAL,24,19,5,911.97,17327.43,NETBANKING,3,2
C0294,NORMAL,5,4,1,1077.84,4311.36,WALLET,0,1
C0295,RISKY,18,10,8,7017.93,70179.3,WALLET,2,6
C0296,NORMAL,19,15,4,1198.16,17972.4,UPI,2,2
C0297,NORMAL,9,7,2,1123.98,7867.86,NETBANKING,1,1
C0298,NORMAL,23,18,5,5709.39,102769.02,NETBANKING,3,2
C0299,NORMAL,24,19,5,5540.29,105265.51,WALLET,3,2
C0300,NORMAL,18,14,4,1442.2,20190.8,UPI,2,2
C0301,RISKY,25,15,10,8838.21,132573.15,CARD,3,7
C0302,NORMAL,12,9,3,4431.23,39881.07,WALLET,1,2
C0303,NORMAL,28,22,6,1403.32,30873.04,WALLET,3,3
C0304,NORMAL,13,10,3,4055.86,40558.6,CARD,1,2
C0305,NORMAL,20,16,4,1137.77,18204.32,UPI,2,2
C0306,RELIABLE,8,7,1,7573.6,53015.2,NETBANKING,0,1
C0307,RISKY,22,13,9,1069.82,13907.66,NETBANKING,3,6
C0308,NORMAL,18,14,4,3859.18,54028.52,WALLET,2,2
C0309,RISKY,28,16,12,988.74,15819.84,NETBANKING,4,8
C0310,NORMAL,16,12,4,1484.21,17810.52,CARD,2,2
C0311,RELIABLE,20,18,2,2630.33,47345.94,UPI,1,1
C0312,NORMAL,22,17,5,3991.83,67861.11,NETBANKING,3,2
C0313,NORMAL,30,24,6,4576.57,109837.68,UPI,3,3
C0314,NORMAL,26,20,6,8379.88,167597.6,NETBANKING,3,3
C0315,RELIABLE,13,11,2,7175.64,78932.04,NETBANKING,1,1
C0316,RISKY,16,9,7,558.0,5022.0,CARD,2,5
C0317,NORMAL,17,13,4,1161.06,15093.78,UPI,2,2
C0318,RELIABLE,21,19,2,2543.76,48331.44,WALLET,1,1
C0319,NORMAL,10,8,2,4015.5,32124.0,NETBANKING,1,1
C0320,NORMAL,23,18,5,6164.13,110954.34,UPI,3,2
C0321,RELIABLE,29,26,3,6369.46,165605.96,UPI,2,1
C0322,RELIABLE,26,23,3,4528.14,104147.22,WALLET,2,1
C0323,NORMAL,11,8,3,7671.96,61375.68,UPI,1,2
C0324,NORMAL,8,6,2,3190.84,19145.04,WALLET,1,1
C0325,NORMAL,14,11,3,931.46,10246.06,WALLET,1,2
C0326,RISKY,6,3,3,573.03,1719.09,NETBANKING,1,2
C0327,RISKY,29,17,12,1803.73,30663.41,NETBANKING,4,8
C0328,RELIABLE,8,7,1,573.43,4014.01,WALLET,0,1
C0329,RELIABLE,17,15,2,5559.53,83392.95,CARD,1,1
C0330,NORMAL,26,20,6,8158.9,163178.0,UPI,3,3
C0331,NORMAL,28,22,6,901.87,19841.14,UPI,3,3
C0332,NORMAL,7,5,2,8690.05,43450.25,WALLET,1,1
C0333,NORMAL,27,21,6,6581.35,138208.35,NETBANKING,3,3
C0334,RELIABLE,5,4,1,9678.9,38715.6,CARD,0,1
C0335,RISKY,24,14,10,4870.92,68192.88,NETBANKING,3,7
C0336,RELIABLE,8,7,1,2811.51,19680.57,WALLET,0,1
C0337,NORMAL,17,13,4,8769.98,114009.74,NETBANKING,2,2
C0338,RELIABLE,29,26,3,2097.26,54528.76,UPI,2,1
C0339,NORMAL,11,8,3,9106.27,72850.16,NETBANKING,1,2
C0340,NORMAL,25,20,5,8242.85,164857.0,CARD,3,2
C0341,RELIABLE,13,11,2,2374.08,26114.88,CARD,1,1
C0342,NORMAL,25,20,5,1215.86,24317.2,WALLET,3,2
C0343,NORMAL,23,18,5,7718.83,138938.94,WALLET,3,2
C0344,NORMAL,23,18,5,6608.42,118951.56,NETBANKING,3,2
C0345,RISKY,25,15,10,3503.32,52549.8,WALLET,3,7
C0346,RELIABLE,19,17,2,6498.16,110468.72,NETBANKING,1,1
C0347,NORMAL,16,12,4,5319.7,63836.4,NETBANKING,2,2
C0348,NORMAL,6,4,2,1040.46,4161.84,NETBANKING,1,1
C0349,RELIABLE,7,6,1,6342.58,38055.48,WALLET,0,1
C0350,NORMAL,22,17,5,9565.2,162608.4,UPI,3,2
C0351,NORMAL,30,24,6,5930.74,142337.76,CARD,3,3
C0352,NORMAL,20,16,4,5262.99,84207.84,UPI,2,2
C0353,NORMAL,30,24,6,9041.7,217000.8,NETBANKING,3,3
C0354,RISKY,7,4,3,5293.22,21172.88,CARD,1,2
C0355,RELIABLE,27,24,3,4658.7,111808.8,WALLET,2,1
C0356,NORMAL,24,19,5,2008.09,38153.71,NETBANKING,3,2
C0357,RISKY,17,10,7,4383.31,43833.1,NETBANKING,2,5
C0358,NORMAL,6,4,2,7997.66,31990.64,NETBANKING,1,1
C0359,RELIABLE,8,7,1,5800.65,40604.55,WALLET,0,1
C0360,RELIABLE,28,25,3,8589.88,214747.0,CARD,2,1
C0361,NORMAL,23,18,5,6804.32,122477.76,NETBANKING,3,2
C0362,NORMAL,25,20,5,7135.56,142711.2,WALLET,3,2
C0363,RELIABLE,27,24,3,9411.02,225864.48,NETBANKING,2,1
C0364,NORMAL,25,20,5,8020.79,160415.8,CARD,3,2
C0365,NORMAL,28,22,6,9973.06,219407.32,UPI,3,3
C0366,NORMAL,18,14,4,5330.64,74628.96,UPI,2,2
C0367,NORMAL,10,8,2,9536.11,76288.88,NETBANKING,1,1
C0368,RISKY,20,12,8,2324.05,27888.6,CARD,2,6
C0369,RELIABLE,14,12,2,8522.07,102264.84,UPI,1,1
C0370,NORMAL,22,17,5,8433.64,143371.88,UPI,3,2
C0371,NORMAL,29,23,6,6371.3,146539.9,WALLET,3,3
C0372,RELIABLE,10,9,1,8397.78,75580.02,CARD,0,1
C0373,NORMAL,6,4,2,4403.16,17612.64,CARD,1,1
C0374,RISKY,24,14,10,3206.82,44895.48,WALLET,3,7
C0375,RELIABLE,12,11,1,3439.95,37839.45,WALLET,0,1
C0376,RISKY,11,6,5,3994.49,23966.94,WALLET,1,4
C0377,NORMAL,14,11,3,7892.18,86813.98,WALLET,1,2
C0378,RISKY,11,6,5,8111.96,48671.76,CARD,1,4
C0379,RISKY,6,3,3,6591.2,19773.6,NETBANKING,1,2
C0380,NORMAL,8,6,2,7258.31,43549.86,UPI,1,1
C0381,RELIABLE,29,26,3,2022.97,52597.22,WALLET,2,1
C0382,RISKY,9,5,4,8394.94,41974.7,UPI,1,3
C0383,RISKY,12,7,5,8258.68,57810.76,NETBANKING,1,4
C0384,RISKY,18,10,8,1005.94,10059.4,NETBANKING,2,6
C0385,RELIABLE,7,6,1,4061.67,24370.02,UPI,0,1
C0386,NORMAL,8,6,2,8472.17,50833.02,NETBANKING,1,1
C0387,NORMAL,9,7,2,863.88,6047.16,WALLET,1,1
C0388,NORMAL,9,7,2,7708.99,53962.93,WALLET,1,1
C0389,NORMAL,5,4,1,9105.65,36422.6,UPI,0,1
C0390,RELIABLE,9,8,1,5713.64,45709.12,WALLET,0,1
C0391,RELIABLE,14,12,2,2757.58,33090.96,UPI,1,1
C0392,RELIABLE,18,16,2,6570.04,105120.64,WALLET,1,1
C0393,RELIABLE,20,18,2,6169.02,111042.36,UPI,1,1
C0394,NORMAL,23,18,5,2798.41,50371.38,CARD,3,2
C0395,RELIABLE,5,4,1,6340.69,25362.76,CARD,0,1
C0396,NORMAL,10,8,2,6811.53,54492.24,UPI,1,1
C0397,NORMAL,16,12,4,1142.95,13715.4,UPI,2,2
C0398,NORMAL,20,16,4,913.58,14617.28,WALLET,2,2
C0399,RISKY,13,7,6,7599.51,53196.57,NETBANKING,2,4
C0400,NORMAL,16,12,4,2790.7,33488.4,UPI,2,2
C0401,NORMAL,28,22,6,7688.45,169145.9,CARD,3,3
C0402,RELIABLE,22,20,2,3716.2,74324.0,CARD,1,1
C0403,RISKY,26,15,11,4913.92,73708.8,WALLET,3,8
C0404,NORMAL,30,24,6,1781.1,42746.4,WALLET,3,3
C0405,RELIABLE,11,10,1,916.16,9161.6,CARD,0,1
C0406,RISKY,15,9,6,9367.02,84303.18,WALLET,2,4
C0407,RISKY,22,13,9,4997.3,64964.9,UPI,3,6
C0408,NORMAL,11,8,3,3218.05,25744.4,UPI,1,2
C0409,RISKY,15,9,6,3095.56,27860.04,NETBANKING,2,4
C0410,NORMAL,17,13,4,7561.42,98298.46,WALLET,2,2
C0411,NORMAL,10,8,2,5213.93,41711.44,WALLET,1,1
C0412,NORMAL,30,24,6,5433.12,130394.88,UPI,3,3
C0413,NORMAL,7,5,2,4590.77,22953.85,CARD,1,1
C0414,NORMAL,15,12,3,1474.68,17696.16,NETBANKING,1,2
C0415,NORMAL,14,11,3,4736.2,52098.2,WALLET,1,2
C0416,RELIABLE,19,17,2,3839.7,65274.9,UPI,1,1
C0417,NORMAL,16,12,4,6341.09,76093.08,WALLET,2,2
C0418,RELIABLE,30,27,3,9505.09,256637.43,UPI,2,1
C0419,NORMAL,17,13,4,3951.46,51368.98,CARD,2,2
C0420,RISKY,9,5,4,8562.36,42811.8,WALLET,1,3
C0421,RELIABLE,7,6,1,2741.96,16451.76,NETBANKING,0,1
C0422,NORMAL,23,18,5,807.66,14537.88,CARD,3,2
C0423,NORMAL,16,12,4,4034.13,48409.56,UPI,2,2
C0424,NORMAL,21,16,5,3986.02,63776.32,NETBANKING,3,2
C0425,NORMAL,12,9,3,9624.94,86624.46,UPI,1,2
C0426,NORMAL,20,16,4,5418.58,86697.28,UPI,2,2
C0427,RELIABLE,13,11,2,7188.36,79071.96,CARD,1,1
C0428,RISKY,14,8,6,7092.82,56742.56,WALLET,2,4
C0429,RELIABLE,9,8,1,8601.85,68814.8,WALLET,0,1
C0430,RELIABLE,27,24,3,4728.56,113485.44,UPI,2,1
C0431,RISKY,15,9,6,6844.48,61600.32,UPI,2,4
C0432,NORMAL,14,11,3,8967.65,98644.15,CARD,1,2
C0433,NORMAL,27,21,6,6558.15,137721.15,NETBANKING,3,3
C0434,NORMAL,8,6,2,9858.76,59152.56,CARD,1,1
C0435,RELIABLE,20,18,2,749.7,13494.6,NETBANKING,1,1
C0436,NORMAL,22,17,5,1732.83,29458.11,UPI,3,2
C0437,RELIABLE,17,15,2,9996.15,149942.25,WALLET,1,1
C0438,NORMAL,29,23,6,4389.62,100961.26,UPI,3,3
C0439,RELIABLE,15,13,2,6602.22,85828.86,WALLET,1,1
C0440,NORMAL,21,16,5,3772.89,60366.24,CARD,3,2
C0441,NORMAL,9,7,2,4609.87,32269.09,UPI,1,1
C0442,RISKY,21,12,9,1953.65,23443.8,CARD,3,6
C0443,RELIABLE,27,24,3,2641.97,63407.28,NETBANKING,2,1
C0444,RISKY,13,7,6,2364.87,16554.09,NETBANKING,2,4
C0445,RELIABLE,14,12,2,6337.07,76044.84,UPI,1,1
C0446,NORMAL,10,8,2,6122.18,48977.44,CARD,1,1
C0447,RELIABLE,24,22,2,7346.01,161612.22,NETBANKING,1,1
C0448,RISKY,23,13,10,891.35,11587.55,UPI,3,7
C0449,RELIABLE,25,23,2,7824.71,179968.33,NETBANKING,1,1
C0450,NORMAL,29,23,6,5935.3,136511.9,UPI,3,3
C0451,NORMAL,25,20,5,5682.99,113659.8,NETBANKING,3,2
C0452,NORMAL,30,24,6,8169.82,196075.68,WALLET,3,3
C0453,RELIABLE,7,6,1,7041.83,42250.98,CARD,0,1
C0454,NORMAL,20,16,4,4912.2,78595.2,NETBANKING,2,2
C0455,NORMAL,15,12,3,8684.11,104209.32,NETBANKING,1,2
C0456,NORMAL,16,12,4,9766.05,117192.6,CARD,2,2
C0457,NORMAL,21,16,5,5835.69,93371.04,NETBANKING,3,2
C0458,RELIABLE,8,7,1,3040.98,21286.86,CARD,0,1
C0459,RELIABLE,6,5,1,3257.01,16285.05,WALLET,0,1
C0460,RISKY,18,10,8,2858.57,28585.7,CARD,2,6
C0461,RISKY,23,13,10,7350.72,95559.36,CARD,3,7
C0462,NORMAL,20,16,4,9961.71,159387.36,WALLET,2,2
C0463,NORMAL,14,11,3,5225.02,57475.22,UPI,1,2
C0464,RISKY,21,12,9,4843.69,58124.28,CARD,3,6
C0465,RELIABLE,16,14,2,962.25,13471.5,NETBANKING,1,1
C0466,NORMAL,25,20,5,6888.95,137779.0,NETBANKING,3,2
C0467,NORMAL,8,6,2,4593.81,27562.86,NETBANKING,1,1
C0468,NORMAL,29,23,6,4330.91,99610.93,UPI,3,3
C0469,NORMAL,23,18,5,5837.26,105070.68,NETBANKING,3,2
C0470,NORMAL,7,5,2,4170.31,20851.55,WALLET,1,1
C0471,NORMAL,13,10,3,8340.46,83404.6,UPI,1,2
C0472,RELIABLE,8,7,1,4242.09,29694.63,NETBANKING,0,1
C0473,NORMAL,16,12,4,7672.17,92066.04,CARD,2,2
C0474,NORMAL,17,13,4,5250.74,68259.62,UPI,2,2
C0475,RELIABLE,27,24,3,3663.89,87933.36,WALLET,2,1
C0476,NORMAL,9,7,2,6259.47,43816.29,CARD,1,1
C0477,NORMAL,24,19,5,3526.04,66994.76,WALLET,3,2
C0478,RISKY,28,16,12,8504.72,136075.52,NETBANKING,4,8
C0479,NORMAL,21,16,5,5557.23,88915.68,NETBANKING,3,2
C0480,NORMAL,5,4,1,3999.4,15997.6,UPI,0,1
C0481,RISKY,23,13,10,3422.94,44498.22,UPI,3,7
C0482,NORMAL,13,10,3,9687.17,96871.7,CARD,1,2
C0483,NORMAL,23,18,5,5064.26,91156.68,WALLET,3,2
C0484,RELIABLE,26,23,3,2800.87,64420.01,UPI,2,1
C0485,RELIABLE,19,17,2,3480.08,59161.36,CARD,1,1
C0486,NORMAL,11,8,3,4398.59,35188.72,WALLET,1,2
C0487,RISKY,28,16,12,7410.32,118565.12,CARD,4,8
C0488,NORMAL,22,17,5,3587.97,60995.49,WALLET,3,2
C0489,NORMAL,15,12,3,9588.51,115062.12,WALLET,1,2
C0490,RISKY,15,9,6,5689.6,51206.4,NETBANKING,2,4
C0491,NORMAL,11,8,3,9594.71,76757.68,NETBANKING,1,2
C0492,NORMAL,12,9,3,9444.11,84996.99,NETBANKING,1,2
C0493,NORMAL,27,21,6,2469.14,51851.94,WALLET,3,3
C0494,NORMAL,16,12,4,5824.63,69895.56,NETBANKING,2,2
C0495,RELIABLE,23,21,2,6927.91,145486.11,WALLET,1,1
C0496,RISKY,17,10,7,8274.59,82745.9,CARD,2,5
C0497,RELIABLE,14,12,2,9575.48,114905.76,UPI,1,1
C0498,NORMAL,19,15,4,6731.73,100975.95,WALLET,2,2
C0499,RELIABLE,22,20,2,3075.76,61515.2,NETBANKING,1,1
C0500,RELIABLE,24,22,2,7538.46,165846.12,CARD,1,1
C0501,RELIABLE,26,23,3,9099.25,209282.75,CARD,2,1
C0502,NORMAL,6,4,2,1451.88,5807.52,NETBANKING,1,1
C0503,NORMAL,8,6,2,6971.32,41827.92,CARD,1,1
C0504,RELIABLE,22,20,2,9790.15,195803.0,CARD,1,1
C0505,NORMAL,20,16,4,5035.76,80572.16,CARD,2,2
C0506,NORMAL,14,11,3,3551.09,39061.99,UPI,1,2
C0507,RISKY,7,4,3,6696.84,26787.36,CARD,1,2
C0508,NORMAL,28,22,6,8578.16,188719.52,UPI,3,3
C0509,RISKY,10,6,4,4469.91,26819.46,CARD,1,3
C0510,RISKY,6,3,3,9973.13,29919.39,WALLET,1,2
C0511,NORMAL,10,8,2,9397.78,75182.24,NETBANKING,1,1
C0512,RISKY,5,3,2,3334.73,10004.19,UPI,0,2
C0513,RISKY,15,9,6,3203.34,28830.06,WALLET,2,4
C0514,RISKY,9,5,4,8585.07,42925.35,WALLET,1,3
C0515,RELIABLE,30,27,3,1570.14,42393.78,CARD,2,1
C0516,NORMAL,25,20,5,2944.02,58880.4,CARD,3,2
C0517,RELIABLE,15,13,2,8012.29,104159.77,CARD,1,1
C0518,RELIABLE,25,23,2,9021.91,207503.93,WALLET,1,1
C0519,NORMAL,7,5,2,4307.92,21539.6,UPI,1,1
C0520,RELIABLE,9,8,1,5035.81,40286.48,CARD,0,1
C0521,RELIABLE,17,15,2,2737.45,41061.75,NETBANKING,1,1
C0522,RISKY,14,8,6,6033.38,48267.04,UPI,2,4
C0523,RELIABLE,16,14,2,7081.3,99138.2,UPI,1,1
C0524,NORMAL,19,15,4,3414.66,51219.9,WALLET,2,2
C0525,NORMAL,27,21,6,7813.49,164083.29,UPI,3,3
C0526,NORMAL,14,11,3,3991.67,43908.37,CARD,1,2
C0527,RELIABLE,9,8,1,5042.73,40341.84,WALLET,0,1
C0528,NORMAL,24,19,5,4049.44,76939.36,WALLET,3,2
C0529,NORMAL,30,24,6,6808.9,163413.6,CARD,3,3
C0530,NORMAL,26,20,6,7670.03,153400.6,UPI,3,3
C0531,NORMAL,21,16,5,7185.78,114972.48,UPI,3,2
C0532,RISKY,8,4,4,1086.7,4346.8,CARD,1,3
C0533,NORMAL,9,7,2,2063.1,14441.7,WALLET,1,1
C0534,RELIABLE,11,10,1,7310.72,73107.2,WALLET,0,1
C0535,RELIABLE,21,19,2,4732.09,89909.71,UPI,1,1
C0536,NORMAL,21,16,5,4446.53,71144.48,UPI,3,2
C0537,NORMAL,26,20,6,8165.7,163314.0,UPI,3,3
C0538,NORMAL,5,4,1,7585.14,30340.56,UPI,0,1
C0539,RELIABLE,16,14,2,7153.66,100151.24,UPI,1,1
C0540,RISKY,7,4,3,9868.3,39473.2,WALLET,1,2
C0541,RELIABLE,18,16,2,2209.82,35357.12,CARD,1,1
C0542,NORMAL,28,22,6,6635.87,145989.14,WALLET,3,3
C0543,NORMAL,17,13,4,4761.1,61894.3,WALLET,2,2
C0544,NORMAL,26,20,6,9659.37,193187.4,CARD,3,3
C0545,NORMAL,16,12,4,1627.02,19524.24,WALLET,2,2
C0546,NORMAL,28,22,6,9797.88,215553.36,UPI,3,3
C0547,NORMAL,14,11,3,4898.54,53883.94,WALLET,1,2
C0548,NORMAL,12,9,3,2851.36,25662.24,NETBANKING,1,2
C0549,RELIABLE,11,10,1,9405.4,94054.0,UPI,0,1
C0550,RELIABLE,26,23,3,4482.79,103104.17,UPI,2,1
C0551,RELIABLE,7,6,1,1458.52,8751.12,UPI,0,1
C0552,NORMAL,26,20,6,7181.22,143624.4,UPI,3,3
C0553,RELIABLE,6,5,1,4321.52,21607.6,CARD,0,1
C0554,NORMAL,29,23,6,8705.44,200225.12,UPI,3,3
C0555,RELIABLE,14,12,2,2724.53,32694.36,NETBANKING,1,1
C0556,NORMAL,29,23,6,6889.05,158448.15,NETBANKING,3,3
C0557,RELIABLE,9,8,1,9864.11,78912.88,CARD,0,1
C0558,NORMAL,13,10,3,1079.1,10791.0,CARD,1,2
C0559,NORMAL,18,14,4,5780.58,80928.12,UPI,2,2
C0560,RISKY,25,15,10,6877.75,103166.25,NETBANKING,3,7
C0561,NORMAL,18,14,4,1917.57,26845.98,WALLET,2,2
C0562,RELIABLE,22,20,2,4998.43,99968.6,CARD,1,1
C0563,NORMAL,27,21,6,1871.34,39298.14,WALLET,3,3
C0564,RISKY,22,13,9,4420.44,57465.72,WALLET,3,6
C0565,NORMAL,9,7,2,4189.98,29329.86,NETBANKING,1,1
C0566,RELIABLE,25,23,2,1251.17,28776.91,WALLET,1,1
C0567,RISKY,7,4,3,5588.54,22354.16,CARD,1,2
C0568,RELIABLE,17,15,2,6899.88,103498.2,UPI,1,1
C0569,RISKY,11,6,5,8144.18,48865.08,CARD,1,4
C0570,NORMAL,15,12,3,3380.29,40563.48,UPI,1,2
C0571,RELIABLE,11,10,1,9639.74,96397.4,UPI,0,1
C0572,NORMAL,29,23,6,5049.75,116144.25,CARD,3,3
C0573,NORMAL,27,21,6,2442.87,51300.27,CARD,3,3
C0574,NORMAL,29,23,6,3189.06,73348.38,WALLET,3,3
C0575,NORMAL,16,12,4,3430.01,41160.12,NETBANKING,2,2
C0576,NORMAL,20,16,4,4927.04,78832.64,WALLET,2,2
C0577,NORMAL,15,12,3,9186.14,110233.68,NETBANKING,1,2
C0578,NORMAL,6,4,2,5843.98,23375.92,CARD,1,1
C0579,NORMAL,5,4,1,2977.35,11909.4,WALLET,0,1
C0580,RELIABLE,11,10,1,3633.72,36337.2,WALLET,0,1
C0581,NORMAL,12,9,3,5243.36,47190.24,NETBANKING,1,2
C0582,RELIABLE,20,18,2,9681.83,174272.94,WALLET,1,1
C0583,NORMAL,28,22,6,8052.27,177149.94,CARD,3,3
C0584,RELIABLE,22,20,2,5139.01,102780.2,UPI,1,1
C0585,NORMAL,7,5,2,9479.29,47396.45,UPI,1,1
C0586,NORMAL,18,14,4,1806.17,25286.38,CARD,2,2
C0587,RELIABLE,9,8,1,586.84,4694.72,WALLET,0,1
C0588,NORMAL,24,19,5,6558.42,124609.98,WALLET,3,2
C0589,NORMAL,5,4,1,562.82,2251.28,WALLET,0,1
C0590,RELIABLE,21,19,2,7360.83,139855.77,NETBANKING,1,1
C0591,RELIABLE,27,24,3,6903.31,165679.44,CARD,2,1
C0592,RELIABLE,8,7,1,5481.66,38371.62,CARD,0,1
C0593,RELIABLE,21,19,2,2897.97,55061.43,NETBANKING,1,1
C0594,RELIABLE,17,15,2,1250.68,18760.2,WALLET,1,1
C0595,NORMAL,12,9,3,9907.21,89164.89,CARD,1,2
C0596,RELIABLE,7,6,1,6710.49,40262.94,UPI,0,1
C0597,RELIABLE,17,15,2,4083.11,61246.65,WALLET,1,1
C0598,RELIABLE,5,4,1,7177.03,28708.12,UPI,0,1
C0599,NORMAL,18,14,4,6626.62,92772.68,NETBANKING,2,2
C0600,NORMAL,8,6,2,9000.52,54003.12,UPI,1,1
C0601,RELIABLE,27,24,3,8931.77,214362.48,WALLET,2,1
C0602,RELIABLE,7,6,1,7002.07,42012.42,NETBANKING,0,1
C0603,RISKY,23,13,10,6752.04,87776.52,CARD,3,7
C0604,RISKY,15,9,6,648.75,5838.75,CARD,2,4
C0605,NORMAL,29,23,6,8296.56,190820.88,WALLET,3,3
C0606,RISKY,14,8,6,2043.28,16346.24,CARD,2,4
C0607,NORMAL,17,13,4,6931.83,90113.79,NETBANKING,2,2
C0608,NORMAL,28,22,6,1829.53,40249.66,UPI,3,3
C0609,NORMAL,16,12,4,1010.12,12121.44,WALLET,2,2
C0610,RELIABLE,7,6,1,3735.63,22413.78,WALLET,0,1
C0611,RISKY,15,9,6,781.44,7032.96,NETBANKING,2,4
C0612,NORMAL,19,15,4,5160.73,77410.95,NETBANKING,2,2
C0613,NORMAL,17,13,4,4602.56,59833.28,WALLET,2,2
C0614,RELIABLE,24,22,2,3306.11,72734.42,CARD,1,1
C0615,NORMAL,7,5,2,3045.73,15228.65,WALLET,1,1
C0616,NORMAL,25,20,5,1965.63,39312.6,WALLET,3,2
C0617,NORMAL,8,6,2,1369.44,8216.64,NETBANKING,1,1
C0618,NORMAL,29,23,6,3062.78,70443.94,CARD,3,3
C0619,RELIABLE,18,16,2,4764.01,76224.16,WALLET,1,1
C0620,RELIABLE,7,6,1,3862.19,23173.14,UPI,0,1
C0621,NORMAL,30,24,6,3582.09,85970.16,WALLET,3,3
C0622,RELIABLE,18,16,2,4184.1,66945.6,UPI,1,1
C0623,NORMAL,22,17,5,9099.47,154690.99,CARD,3,2
C0624,NORMAL,10,8,2,7010.5,56084.0,CARD,1,1
C0625,RELIABLE,14,12,2,3049.86,36598.32,CARD,1,1
C0626,RELIABLE,18,16,2,3121.64,49946.24,NETBANKING,1,1
C0627,NORMAL,7,5,2,3930.69,19653.45,CARD,1,1
C0628,NORMAL,20,16,4,6141.16,98258.56,CARD,2,2
C0629,NORMAL,9,7,2,3394.25,23759.75,WALLET,1,1
C0630,NORMAL,24,19,5,4108.95,78070.05,NETBANKING,3,2
C0631,NORMAL,18,14,4,8247.02,115458.28,CARD,2,2
C0632,NORMAL,24,19,5,9499.15,180483.85,CARD,3,2
C0633,NORMAL,10,8,2,9663.46,77307.68,NETBANKING,1,1
C0634,RELIABLE,27,24,3,6512.57,156301.68,CARD,2,1
C0635,NORMAL,13,10,3,8256.7,82567.0,WALLET,1,2
C0636,NORMAL,23,18,5,2398.1,43165.8,CARD,3,2
C0637,NORMAL,22,17,5,755.7,12846.9,WALLET,3,2
C0638,RISKY,11,6,5,4665.32,27991.92,NETBANKING,1,4
C0639,RISKY,7,4,3,8280.17,33120.68,WALLET,1,2
C0640,NORMAL,9,7,2,6516.69,45616.83,CARD,1,1
C0641,RELIABLE,9,8,1,7294.75,58358.0,WALLET,0,1
C0642,RELIABLE,24,22,2,5052.73,111160.06,WALLET,1,1
C0643,NORMAL,27,21,6,4473.86,93951.06,UPI,3,3
C0644,NORMAL,16,12,4,7165.53,85986.36,UPI,2,2
C0645,RELIABLE,12,11,1,6747.22,74219.42,NETBANKING,0,1
C0646,RELIABLE,24,22,2,920.82,20258.04,WALLET,1,1
C0647,RISKY,15,9,6,9674.31,87068.79,WALLET,2,4
C0648,RELIABLE,8,7,1,2958.01,20706.07,CARD,0,1
C0649,NORMAL,17,13,4,4899.1,63688.3,CARD,2,2
C0650,NORMAL,5,4,1,5086.33,20345.32,NETBANKING,0,1
C0651,NORMAL,7,5,2,1602.66,8013.3,CARD,1,1
C0652,NORMAL,15,12,3,4825.66,57907.92,CARD,1,2
C0653,NORMAL,16,12,4,5023.54,60282.48,WALLET,2,2
C0654,NORMAL,19,15,4,3529.64,52944.6,NETBANKING,2,2
C0655,RELIABLE,27,24,3,1593.31,38239.44,NETBANKING,2,1
C0656,NORMAL,26,20,6,8100.48,162009.6,CARD,3,3
C0657,NORMAL,22,17,5,2021.29,34361.93,WALLET,3,2
C0658,RISKY,12,7,5,8078.68,56550.76,CARD,1,4
C0659,RELIABLE,26,23,3,4605.28,105921.44,UPI,2,1
C0660,NORMAL,11,8,3,4770.96,38167.68,WALLET,1,2
C0661,NORMAL,27,21,6,2540.56,53351.76,NETBANKING,3,3
C0662,NORMAL,30,24,6,8062.08,193489.92,UPI,3,3
C0663,NORMAL,22,17,5,2276.12,38694.04,NETBANKING,3,2
C0664,RELIABLE,8,7,1,2992.36,20946.52,WALLET,0,1
C0665,NORMAL,25,20,5,3477.34,69546.8,WALLET,3,2
C0666,NORMAL,23,18,5,1585.2,28533.6,NETBANKING,3,2
C0667,RISKY,24,14,10,2139.01,29946.14,NETBANKING,3,7
C0668,RISKY,23,13,10,1305.14,16966.82,CARD,3,7
C0669,NORMAL,12,9,3,3401.11,30609.99,CARD,1,2
C0670,NORMAL,9,7,2,5352.84,37469.88,WALLET,1,1
C0671,NORMAL,23,18,5,4145.24,74614.32,CARD,3,2
C0672,NORMAL,22,17,5,7087.61,120489.37,CARD,3,2
C0673,NORMAL,20,16,4,3243.93,51902.88,CARD,2,2
C0674,NORMAL,19,15,4,6384.39,95765.85,NETBANKING,2,2
C0675,RISKY,20,12,8,1797.08,21564.96,WALLET,2,6
C0676,RISKY,21,12,9,6704.16,80449.92,WALLET,3,6
C0677,NORMAL,18,14,4,7246.35,101448.9,WALLET,2,2
C0678,NORMAL,7,5,2,5871.28,29356.4,CARD,1,1
C0679,RELIABLE,13,11,2,2636.01,28996.11,NETBANKING,1,1
C0680,RELIABLE,19,17,2,5873.68,99852.56,WALLET,1,1
C0681,NORMAL,8,6,2,5940.78,35644.68,NETBANKING,1,1
C0682,NORMAL,16,12,4,5649.41,67792.92,UPI,2,2
C0683,NORMAL,19,15,4,5690.36,85355.4,WALLET,2,2
C0684,RELIABLE,25,23,2,7637.78,175668.94,NETBANKING,1,1
C0685,RISKY,6,3,3,4772.46,14317.38,NETBANKING,1,2
C0686,RISKY,7,4,3,4671.16,18684.64,UPI,1,2
C0687,NORMAL,12,9,3,2493.84,22444.56,NETBANKING,1,2
C0688,RISKY,24,14,10,6511.32,91158.48,CARD,3,7
C0689,NORMAL,30,24,6,2462.89,59109.36,CARD,3,3
C0690,RISKY,23,13,10,3832.75,49825.75,NETBANKING,3,7
C0691,NORMAL,10,8,2,3574.71,28597.68,NETBANKING,1,1
C0692,RELIABLE,13,11,2,9547.77,105025.47,UPI,1,1
C0693,RELIABLE,29,26,3,7964.06,207065.56,UPI,2,1
C0694,RISKY,25,15,10,1705.44,25581.6,CARD,3,7
C0695,RELIABLE,27,24,3,3559.92,85438.08,CARD,2,1
C0696,NORMAL,26,20,6,4230.66,84613.2,CARD,3,3
C0697,NORMAL,13,10,3,6464.22,64642.2,WALLET,1,2
C0698,NORMAL,25,20,5,8048.69,160973.8,UPI,3,2
C0699,NORMAL,28,22,6,3143.14,69149.08,NETBANKING,3,3
C0700,NORMAL,20,16,4,3609.25,57748.0,UPI,2,2
C0701,RISKY,28,16,12,1384.85,22157.6,WALLET,4,8
C0702,NORMAL,27,21,6,3903.12,81965.52,UPI,3,3
C0703,NORMAL,17,13,4,2569.38,33401.94,WALLET,2,2
C0704,RISKY,20,12,8,3051.1,36613.2,NETBANKING,2,6
C0705,NORMAL,23,18,5,1740.65,31331.7,WALLET,3,2
C0706,NORMAL,26,20,6,7741.41,154828.2,UPI,3,3
C0707,RELIABLE,30,27,3,8448.67,228114.09,UPI,2,1
C0708,RELIABLE,10,9,1,4692.22,42229.98,UPI,0,1
C0709,RISKY,18,10,8,2422.02,24220.2,CARD,2,6
C0710,RISKY,14,8,6,2010.29,16082.32,NETBANKING,2,4
C0711,RELIABLE,16,14,2,2878.7,40301.8,NETBANKING,1,1
C0712,NORMAL,25,20,5,2072.49,41449.8,WALLET,3,2
C0713,NORMAL,28,22,6,7144.69,157183.18,CARD,3,3
C0714,NORMAL,7,5,2,7185.13,35925.65,UPI,1,1
C0715,RELIABLE,7,6,1,1760.65,10563.9,CARD,0,1
C0716,NORMAL,19,15,4,588.23,8823.45,NETBANKING,2,2
C0717,RISKY,18,10,8,7093.29,70932.9,WALLET,2,6
C0718,RELIABLE,17,15,2,1348.65,20229.75,UPI,1,1
C0719,RELIABLE,16,14,2,8869.4,124171.6,CARD,1,1
C0720,NORMAL,29,23,6,8807.72,202577.56,CARD,3,3
C0721,RELIABLE,23,21,2,580.51,12190.71,CARD,1,1
C0722,NORMAL,28,22,6,2524.03,55528.66,CARD,3,3
C0723,RISKY,24,14,10,7022.38,98313.32,CARD,3,7
C0724,RELIABLE,8,7,1,1830.12,12810.84,UPI,0,1
C0725,NORMAL,17,13,4,3839.59,49914.67,WALLET,2,2
C0726,NORMAL,9,7,2,2853.97,19977.79,UPI,1,1
C0727,RELIABLE,24,22,2,6200.07,136401.54,NETBANKING,1,1
C0728,NORMAL,27,21,6,754.83,15851.43,NETBANKING,3,3
C0729,RELIABLE,24,22,2,5340.46,117490.12,WALLET,1,1
C0730,RELIABLE,6,5,1,7946.12,39730.6,CARD,0,1
C0731,NORMAL,8,6,2,2790.28,16741.68,UPI,1,1
C0732,NORMAL,5,4,1,9875.38,39501.52,NETBANKING,0,1
C0733,RELIABLE,23,21,2,4498.2,94462.2,CARD,1,1
C0734,NORMAL,29,23,6,1193.42,27448.66,UPI,3,3
C0735,RELIABLE,11,10,1,878.36,8783.6,UPI,0,1
C0736,RISKY,17,10,7,5312.8,53128.0,WALLET,2,5
C0737,NORMAL,17,13,4,1283.06,16679.78,CARD,2,2
C0738,RELIABLE,14,12,2,1250.7,15008.4,CARD,1,1
C0739,RISKY,9,5,4,5595.71,27978.55,WALLET,1,3
C0740,NORMAL,29,23,6,8428.0,193844.0,UPI,3,3
C0741,NORMAL,18,14,4,7434.6,104084.4,CARD,2,2
C0742,RELIABLE,7,6,1,9283.96,55703.76,UPI,0,1
C0743,NORMAL,24,19,5,1022.77,19432.63,CARD,3,2
C0744,RELIABLE,27,24,3,1803.51,43284.24,UPI,2,1
C0745,RELIABLE,16,14,2,5468.55,76559.7,NETBANKING,1,1
C0746,RELIABLE,9,8,1,7622.88,60983.04,NETBANKING,0,1
C0747,NORMAL,8,6,2,7828.59,46971.54,UPI,1,1
C0748,NORMAL,18,14,4,3083.82,43173.48,UPI,2,2
C0749,RELIABLE,23,21,2,6461.56,135692.76,WALLET,1,1
C0750,NORMAL,16,12,4,1026.67,12320.04,CARD,2,2
C0751,NORMAL,13,10,3,7846.63,78466.3,UPI,1,2
C0752,RELIABLE,21,19,2,524.4,9963.6,UPI,1,1
C0753,RELIABLE,20,18,2,3957.78,71240.04,CARD,1,1
C0754,RELIABLE,6,5,1,5752.22,28761.1,WALLET,0,1
C0755,RELIABLE,12,11,1,4454.44,48998.84,NETBANKING,0,1
C0756,RELIABLE,7,6,1,5929.59,35577.54,UPI,0,1
C0757,NORMAL,6,4,2,2203.77,8815.08,UPI,1,1
C0758,RISKY,7,4,3,8831.42,35325.68,NETBANKING,1,2
C0759,NORMAL,14,11,3,3609.36,39702.96,WALLET,1,2
C0760,RELIABLE,11,10,1,3270.15,32701.5,NETBANKING,0,1
C0761,NORMAL,12,9,3,4907.3,44165.7,WALLET,1,2
C0762,RISKY,29,17,12,2356.51,40060.67,CARD,4,8
C0763,RELIABLE,18,16,2,727.15,11634.4,NETBANKING,1,1
C0764,NORMAL,27,21,6,8833.39,185501.19,NETBANKING,3,3
C0765,RELIABLE,26,23,3,4074.61,93716.03,NETBANKING,2,1
C0766,RELIABLE,21,19,2,9839.6,186952.4,WALLET,1,1
C0767,NORMAL,6,4,2,9739.31,38957.24,CARD,1,1
C0768,NORMAL,7,5,2,917.05,4585.25,CARD,1,1
C0769,RISKY,21,12,9,4424.04,53088.48,NETBANKING,3,6
C0770,NORMAL,28,22,6,1306.57,28744.54,UPI,3,3
C0771,NORMAL,25,20,5,8289.65,165793.0,UPI,3,2
C0772,NORMAL,6,4,2,4632.34,18529.36,CARD,1,1
C0773,RELIABLE,13,11,2,8583.68,94420.48,WALLET,1,1
C0774,NORMAL,28,22,6,3599.39,79186.58,WALLET,3,3
C0775,RELIABLE,7,6,1,9463.77,56782.62,CARD,0,1
C0776,NORMAL,23,18,5,1535.24,27634.32,UPI,3,2
C0777,RELIABLE,19,17,2,3483.32,59216.44,UPI,1,1
C0778,NORMAL,29,23,6,2472.54,56868.42,NETBANKING,3,3
C0779,NORMAL,8,6,2,1359.0,8154.0,NETBANKING,1,1
C0780,RISKY,27,16,11,6231.37,99701.92,CARD,3,8
C0781,RISKY,15,9,6,1909.08,17181.72,CARD,2,4
C0782,RISKY,17,10,7,5377.87,53778.7,NETBANKING,2,5
C0783,RELIABLE,10,9,1,795.28,7157.52,WALLET,0,1
C0784,RISKY,22,13,9,7606.75,98887.75,CARD,3,6
C0785,RELIABLE,8,7,1,8137.02,56959.14,CARD,0,1
C0786,RELIABLE,6,5,1,8388.54,41942.7,CARD,0,1
C0787,RELIABLE,17,15,2,4036.28,60544.2,UPI,1,1
C0788,NORMAL,13,10,3,9215.57,92155.7,UPI,1,2
C0789,RELIABLE,7,6,1,2378.63,14271.78,WALLET,0,1
C0790,RISKY,7,4,3,9098.24,36392.96,NETBANKING,1,2
C0791,RELIABLE,19,17,2,981.06,16678.02,WALLET,1,1
C0792,RISKY,17,10,7,5213.2,52132.0,WALLET,2,5
C0793,NORMAL,10,8,2,3862.46,30899.68,CARD,1,1
C0794,RELIABLE,19,17,2,8892.53,151173.01,UPI,1,1
C0795,NORMAL,24,19,5,2834.96,53864.24,NETBANKING,3,2
C0796,NORMAL,22,17,5,5050.79,85863.43,UPI,3,2
C0797,RELIABLE,9,8,1,4482.73,35861.84,CARD,0,1
C0798,NORMAL,30,24,6,5664.74,135953.76,UPI,3,3
C0799,RISKY,30,18,12,7277.02,130986.36,WALLET,4,8
C0800,NORMAL,20,16,4,3768.32,60293.12,NETBANKING,2,2
C0801,NORMAL,10,8,2,747.6,5980.8,CARD,1,1
C0802,RELIABLE,30,27,3,7896.11,213194.97,UPI,2,1
C0803,RISKY,20,12,8,5529.61,66355.32,CARD,2,6
C0804,RISKY,8,4,4,2854.64,11418.56,CARD,1,3
C0805,RELIABLE,30,27,3,9213.97,248777.19,UPI,2,1
C0806,NORMAL,12,9,3,5969.08,53721.72,WALLET,1,2
C0807,NORMAL,10,8,2,2172.95,17383.6,NETBANKING,1,1
C0808,RISKY,27,16,11,3908.44,62535.04,UPI,3,8
C0809,NORMAL,16,12,4,9501.81,114021.72,CARD,2,2
C0810,NORMAL,11,8,3,8448.62,67588.96,WALLET,1,2
C0811,NORMAL,10,8,2,5159.15,41273.2,UPI,1,1
C0812,RELIABLE,24,22,2,2578.68,56730.96,WALLET,1,1
C0813,RELIABLE,24,22,2,2413.91,53106.02,CARD,1,1
C0814,NORMAL,10,8,2,9228.42,73827.36,NETBANKING,1,1
C0815,RELIABLE,9,8,1,6072.79,48582.32,CARD,0,1
C0816,NORMAL,21,16,5,8676.36,138821.76,UPI,3,2
C0817,NORMAL,26,20,6,4258.16,85163.2,UPI,3,3
C0818,NORMAL,15,12,3,1796.29,21555.48,CARD,1,2
C0819,NORMAL,18,14,4,8022.5,112315.0,WALLET,2,2
C0820,NORMAL,10,8,2,7218.24,57745.92,NETBANKING,1,1
C0821,RELIABLE,23,21,2,8237.32,172983.72,WALLET,1,1
C0822,NORMAL,27,21,6,3297.91,69256.11,CARD,3,3
C0823,NORMAL,27,21,6,9512.63,199765.23,WALLET,3,3
C0824,RISKY,29,17,12,9669.25,164377.25,UPI,4,8
C0825,RELIABLE,15,13,2,9249.86,120248.18,CARD,1,1
C0826,NORMAL,8,6,2,9398.53,56391.18,CARD,1,1
C0827,NORMAL,7,5,2,2760.96,13804.8,NETBANKING,1,1
C0828,RELIABLE,7,6,1,8305.79,49834.74,NETBANKING,0,1
C0829,NORMAL,13,10,3,2492.0,24920.0,UPI,1,2
C0830,NORMAL,30,24,6,1526.33,36631.92,UPI,3,3
C0831,RELIABLE,19,17,2,7459.55,126812.35,CARD,1,1
C0832,RISKY,20,12,8,8876.82,106521.84,NETBANKING,2,6
C0833,NORMAL,8,6,2,8373.67,50242.02,CARD,1,1
C0834,RELIABLE,7,6,1,8092.35,48554.1,UPI,0,1
C0835,RELIABLE,15,13,2,2980.71,38749.23,UPI,1,1
C0836,RELIABLE,10,9,1,8935.35,80418.15,CARD,0,1
C0837,NORMAL,22,17,5,9447.42,160606.14,UPI,3,2
C0838,NORMAL,24,19,5,8985.65,170727.35,UPI,3,2
C0839,NORMAL,25,20,5,2067.47,41349.4,WALLET,3,2
C0840,RELIABLE,8,7,1,3645.4,25517.8,CARD,0,1
C0841,NORMAL,22,17,5,7359.36,125109.12,NETBANKING,3,2
C0842,NORMAL,14,11,3,2756.71,30323.81,UPI,1,2
C0843,NORMAL,22,17,5,8478.62,144136.54,CARD,3,2
C0844,RELIABLE,5,4,1,4562.26,18249.04,NETBANKING,0,1
C0845,RISKY,25,15,10,6202.05,93030.75,CARD,3,7
C0846,RELIABLE,11,10,1,2122.91,21229.1,NETBANKING,0,1
C0847,RISKY,20,12,8,8515.81,102189.72,NETBANKING,2,6
C0848,NORMAL,20,16,4,5146.42,82342.72,NETBANKING,2,2
C0849,RELIABLE,22,20,2,4181.51,83630.2,NETBANKING,1,1
C0850,RISKY,16,9,7,2272.54,20452.86,UPI,2,5
C0851,RELIABLE,19,17,2,3002.31,51039.27,NETBANKING,1,1
C0852,NORMAL,9,7,2,7646.23,53523.61,UPI,1,1
C0853,RELIABLE,16,14,2,8177.71,114487.94,WALLET,1,1
C0854,RISKY,23,13,10,2661.37,34597.81,UPI,3,7
C0855,RISKY,21,12,9,4477.0,53724.0,WALLET,3,6
C0856,NORMAL,12,9,3,5024.49,45220.41,UPI,1,2
C0857,NORMAL,27,21,6,829.92,17428.32,CARD,3,3
C0858,RELIABLE,29,26,3,4765.88,123912.88,CARD,2,1
C0859,RISKY,30,18,12,2330.9,41956.2,UPI,4,8
C0860,NORMAL,26,20,6,4636.24,92724.8,CARD,3,3
C0861,RISKY,13,7,6,3537.62,24763.34,UPI,2,4
C0862,RELIABLE,22,20,2,4274.87,85497.4,NETBANKING,1,1
C0863,RISKY,21,12,9,4852.49,58229.88,UPI,3,6
C0864,NORMAL,24,19,5,6081.97,115557.43,WALLET,3,2
C0865,RELIABLE,9,8,1,1907.9,15263.2,UPI,0,1
C0866,RISKY,23,13,10,7905.67,102773.71,NETBANKING,3,7
C0867,RISKY,16,9,7,8839.99,79559.91,NETBANKING,2,5
C0868,NORMAL,20,16,4,5934.22,94947.52,WALLET,2,2
C0869,RELIABLE,13,11,2,4328.25,47610.75,WALLET,1,1
C0870,RELIABLE,15,13,2,7059.88,91778.44,UPI,1,1
C0871,NORMAL,13,10,3,9021.8,90218.0,UPI,1,2
C0872,NORMAL,30,24,6,3379.02,81096.48,NETBANKING,3,3
C0873,RISKY,27,16,11,7006.09,112097.44,CARD,3,8
C0874,RELIABLE,28,25,3,4709.55,117738.75,NETBANKING,2,1
C0875,RELIABLE,18,16,2,6247.3,99956.8,UPI,1,1
C0876,RELIABLE,11,10,1,9177.61,91776.1,WALLET,0,1
C0877,NORMAL,29,23,6,5406.76,124355.48,NETBANKING,3,3
C0878,RISKY,21,12,9,8019.16,96229.92,UPI,3,6
C0879,NORMAL,21,16,5,4332.16,69314.56,UPI,3,2
C0880,RELIABLE,11,10,1,8451.28,84512.8,CARD,0,1
C0881,RELIABLE,6,5,1,9221.3,46106.5,CARD,0,1
C0882,RELIABLE,19,17,2,5298.7,90077.9,UPI,1,1
C0883,NORMAL,12,9,3,4038.43,36345.87,WALLET,1,2
C0884,RELIABLE,20,18,2,6075.36,109356.48,NETBANKING,1,1
C0885,NORMAL,13,10,3,7615.13,76151.3,UPI,1,2
C0886,RELIABLE,17,15,2,971.68,14575.2,CARD,1,1
C0887,RISKY,25,15,10,2638.56,39578.4,CARD,3,7
C0888,RELIABLE,18,16,2,5376.17,86018.72,UPI,1,1
C0889,NORMAL,9,7,2,6650.03,46550.21,UPI,1,1
C0890,RELIABLE,24,22,2,8148.31,179262.82,NETBANKING,1,1
C0891,NORMAL,27,21,6,6606.03,138726.63,WALLET,3,3
C0892,RISKY,16,9,7,4860.48,43744.32,CARD,2,5
C0893,NORMAL,26,20,6,5446.06,108921.2,WALLET,3,3
C0894,NORMAL,5,4,1,5359.38,21437.52,NETBANKING,0,1
C0895,NORMAL,24,19,5,6285.98,119433.62,NETBANKING,3,2
C0896,NORMAL,20,16,4,1106.45,17703.2,NETBANKING,2,2
C0897,NORMAL,13,10,3,2980.9,29809.0,NETBANKING,1,2
C0898,RELIABLE,21,19,2,7772.01,147668.19,UPI,1,1
C0899,RISKY,30,18,12,8195.28,147515.04,WALLET,4,8
C0900,NORMAL,26,20,6,1829.33,36586.6,UPI,3,3
C0901,NORMAL,14,11,3,2964.55,32610.05,WALLET,1,2
C0902,NORMAL,28,22,6,835.53,18381.66,CARD,3,3
C0903,NORMAL,27,21,6,2612.45,54861.45,WALLET,3,3
C0904,RISKY,26,15,11,3905.72,58585.8,NETBANKING,3,8
C0905,RISKY,26,15,11,8826.7,132400.5,CARD,3,8
C0906,RELIABLE,20,18,2,1715.47,30878.46,NETBANKING,1,1
C0907,NORMAL,22,17,5,7747.72,131711.24,CARD,3,2
C0908,RISKY,15,9,6,6717.13,60454.17,CARD,2,4
C0909,NORMAL,28,22,6,8778.61,193129.42,WALLET,3,3
C0910,NORMAL,15,12,3,4030.98,48371.76,NETBANKING,1,2
C0911,NORMAL,8,6,2,4970.1,29820.6,UPI,1,1
C0912,NORMAL,11,8,3,5254.54,42036.32,WALLET,1,2
C0913,NORMAL,18,14,4,1013.59,14190.26,CARD,2,2
C0914,RELIABLE,11,10,1,3755.36,37553.6,WALLET,0,1
C0915,RELIABLE,27,24,3,2213.39,53121.36,UPI,2,1
C0916,NORMAL,25,20,5,9873.08,197461.6,NETBANKING,3,2
C0917,NORMAL,5,4,1,4794.51,19178.04,CARD,0,1
C0918,NORMAL,10,8,2,5974.65,47797.2,CARD,1,1
C0919,NORMAL,29,23,6,7907.65,181875.95,CARD,3,3
C0920,NORMAL,25,20,5,4579.39,91587.8,WALLET,3,2
C0921,RISKY,17,10,7,544.36,5443.6,CARD,2,5
C0922,NORMAL,5,4,1,8974.06,35896.24,CARD,0,1
C0923,RELIABLE,5,4,1,6453.53,25814.12,CARD,0,1
C0924,RELIABLE,16,14,2,3464.88,48508.32,UPI,1,1
C0925,NORMAL,23,18,5,3408.09,61345.62,UPI,3,2
C0926,RISKY,14,8,6,9510.4,76083.2,WALLET,2,4
C0927,NORMAL,24,19,5,5479.12,104103.28,WALLET,3,2
C0928,RISKY,9,5,4,3755.96,18779.8,WALLET,1,3
C0929,NORMAL,11,8,3,2066.39,16531.12,WALLET,1,2
C0930,RELIABLE,12,11,1,7408.1,81489.1,CARD,0,1
C0931,RELIABLE,5,4,1,6102.08,24408.32,CARD,0,1
C0932,RELIABLE,27,24,3,6680.13,160323.12,UPI,2,1
C0933,NORMAL,25,20,5,2930.0,58600.0,UPI,3,2
C0934,NORMAL,6,4,2,6788.71,27154.84,UPI,1,1
C0935,RELIABLE,8,7,1,4459.37,31215.59,WALLET,0,1
C0936,RELIABLE,13,11,2,5006.77,55074.47,CARD,1,1
C0937,RELIABLE,26,23,3,6487.96,149223.08,NETBANKING,2,1
C0938,NORMAL,8,6,2,6793.59,40761.54,NETBANKING,1,1
C0939,NORMAL,27,21,6,1803.05,37864.05,UPI,3,3
C0940,NORMAL,24,19,5,1618.48,30751.12,UPI,3,2
C0941,NORMAL,20,16,4,2387.14,38194.24,CARD,2,2
C0942,NORMAL,21,16,5,9744.64,155914.24,NETBANKING,3,2
C0943,NORMAL,14,11,3,2023.55,22259.05,WALLET,1,2
C0944,RISKY,27,16,11,9364.68,149834.88,NETBANKING,3,8
C0945,RELIABLE,5,4,1,6880.51,27522.04,UPI,0,1
C0946,RISKY,26,15,11,5193.99,77909.85,UPI,3,8
C0947,NORMAL,7,5,2,7373.85,36869.25,UPI,1,1
C0948,RISKY,25,15,10,2696.02,40440.3,NETBANKING,3,7
C0949,RELIABLE,6,5,1,1448.18,7240.9,CARD,0,1
C0950,RISKY,14,8,6,3922.04,31376.32,NETBANKING,2,4
C0951,NORMAL,8,6,2,1402.49,8414.94,UPI,1,1
C0952,RELIABLE,9,8,1,6801.87,54414.96,CARD,0,1
C0953,NORMAL,19,15,4,9573.35,143600.25,NETBANKING,2,2
C0954,RISKY,7,4,3,4039.91,16159.64,NETBANKING,1,2
C0955,RELIABLE,17,15,2,4302.38,64535.7,WALLET,1,1
C0956,RELIABLE,17,15,2,7054.07,105811.05,WALLET,1,1
C0957,NORMAL,25,20,5,8918.18,178363.6,CARD,3,2
C0958,RELIABLE,27,24,3,7400.91,177621.84,CARD,2,1
C0959,RELIABLE,23,21,2,5085.41,106793.61,WALLET,1,1
C0960,RELIABLE,17,15,2,7902.06,118530.9,UPI,1,1
C0961,RISKY,28,16,12,9747.72,155963.52,CARD,4,8
C0962,NORMAL,20,16,4,1572.91,25166.56,WALLET,2,2
C0963,NORMAL,7,5,2,2985.32,14926.6,NETBANKING,1,1
C0964,RELIABLE,26,23,3,5485.77,126172.71,CARD,2,1
C0965,RISKY,26,15,11,8794.86,131922.9,UPI,3,8
C0966,NORMAL,28,22,6,2861.48,62952.56,NETBANKING,3,3
C0967,NORMAL,25,20,5,4156.33,83126.6,UPI,3,2
C0968,RELIABLE,10,9,1,5302.89,47726.01,WALLET,0,1
C0969,RISKY,10,6,4,1211.22,7267.32,WALLET,1,3
C0970,NORMAL,15,12,3,9716.38,116596.56,UPI,1,2
C0971,NORMAL,22,17,5,6611.51,112395.67,WALLET,3,2
C0972,RISKY,7,4,3,4861.4,19445.6,WALLET,1,2
C0973,RELIABLE,20,18,2,4747.15,85448.7,UPI,1,1
C0974,RISKY,28,16,12,6707.04,107312.64,UPI,4,8
C0975,NORMAL,6,4,2,5792.74,23170.96,UPI,1,1
C0976,RISKY,30,18,12,6239.93,112318.74,NETBANKING,4,8
C0977,RISKY,22,13,9,2465.09,32046.17,WALLET,3,6
C0978,RISKY,16,9,7,8340.45,75064.05,CARD,2,5
C0979,RISKY,15,9,6,5821.43,52392.87,WALLET,2,4
C0980,NORMAL,16,12,4,7301.18,87614.16,UPI,2,2
C0981,RELIABLE,26,23,3,2606.6,59951.8,NETBANKING,2,1
C0982,NORMAL,25,20,5,9662.12,193242.4,NETBANKING,3,2
C0983,NORMAL,16,12,4,7169.91,86038.92,UPI,2,2
C0984,RISKY,20,12,8,1834.27,22011.24,WALLET,2,6
C0985,RELIABLE,24,22,2,2361.25,51947.5,UPI,1,1
C0986,RISKY,17,10,7,2548.1,25481.0,CARD,2,5
C0987,NORMAL,8,6,2,7692.92,46157.52,UPI,1,1
C0988,RISKY,26,15,11,6093.71,91405.65,WALLET,3,8
C0989,NORMAL,23,18,5,9583.81,172508.58,CARD,3,2
C0990,RISKY,5,3,2,5538.46,16615.38,UPI,0,2
C0991,NORMAL,18,14,4,8468.75,118562.5,WALLET,2,2
C0992,RISKY,29,17,12,9251.04,157267.68,CARD,4,8
C0993,NORMAL,10,8,2,7439.7,59517.6,CARD,1,1
C0994,RELIABLE,26,23,3,6205.19,142719.37,NETBANKING,2,1
C0995,NORMAL,17,13,4,4477.32,58205.16,CARD,2,2
C0996,RELIABLE,15,13,2,9719.67,126355.71,WALLET,1,1
C0997,RISKY,9,5,4,4421.08,22105.4,NETBANKING,1,3
C0998,RISKY,22,13,9,8676.72,112797.36,CARD,3,6
C0999,RELIABLE,24,22,2,7286.65,160306.3,NETBANKING,1,1
C1000,RISKY,9,5,4,9822.69,49113.45,CARD,1,3
